sku_id,provider,gpu_model,num_gpus,gpu_vram_gb,gpu_arch,system_ram_gb,storage_gb,net_bandwidth_gbps,price_usd_hr,price_per_gpu_hr,pricing_basis,price_source,is_estimate,concurrency_capacity,notes
vast.ai-rtx4090-1x,Vast.ai,RTX 4090,1,24,Ada,,,,0.29,0.29,P25 marketplace,Vast.ai P25 listing,no,1,Price varies by host; multi-GPU price estimated by P25 * n
vast.ai-rtx4090-2x,Vast.ai,RTX 4090,2,24,Ada,,,,0.58,0.29,P25 marketplace,Vast.ai P25 listing,yes,2,Price varies by host; multi-GPU price estimated by P25 * n
vast.ai-rtx4090-4x,Vast.ai,RTX 4090,4,24,Ada,,,,1.16,0.29,P25 marketplace,Vast.ai P25 listing,yes,4,Price varies by host; multi-GPU price estimated by P25 * n
vast.ai-rtx4090-8x,Vast.ai,RTX 4090,8,24,Ada,,,,2.32,0.29,P25 marketplace,Vast.ai P25 listing,yes,8,Price varies by host; multi-GPU price estimated by P25 * n
vast.ai-rtx3090-1x,Vast.ai,RTX 3090,1,24,Ampere,,,,0.14,0.14,P25 marketplace,Vast.ai P25 listing,no,1,Price varies by host; multi-GPU price estimated by P25 * n
vast.ai-rtx3090-2x,Vast.ai,RTX 3090,2,24,Ampere,,,,0.28,0.14,P25 marketplace,Vast.ai P25 listing,yes,2,Price varies by host; multi-GPU price estimated by P25 * n
vast.ai-rtx3090-4x,Vast.ai,RTX 3090,4,24,Ampere,,,,0.56,0.14,P25 marketplace,Vast.ai P25 listing,yes,4,Price varies by host; multi-GPU price estimated by P25 * n
vast.ai-rtx3090-8x,Vast.ai,RTX 3090,8,24,Ampere,,,,1.12,0.14,P25 marketplace,Vast.ai P25 listing,yes,8,Price varies by host; multi-GPU price estimated by P25 * n
genesiscloud-rtx3090-1x,Genesis Cloud,RTX 3090,1,24,Ampere,,,,0.2,0.2,on-demand,Genesis Cloud RTX GPUs page,no,1,Multi-GPU price extrapolated linearly unless provider lists bundle
genesiscloud-rtx3090-2x,Genesis Cloud,RTX 3090,2,24,Ampere,,,,0.4,0.2,on-demand,Genesis Cloud RTX GPUs page,yes,2,Multi-GPU price extrapolated linearly unless provider lists bundle
genesiscloud-rtx4090-1x,Genesis Cloud,RTX 4090,1,24,Ada,,,,0.55,0.55,on-demand,Genesis Cloud RTX GPUs page,no,1,Multi-GPU price extrapolated linearly
genesiscloud-rtx4090-2x,Genesis Cloud,RTX 4090,2,24,Ada,,,,1.1,0.55,on-demand,Genesis Cloud RTX GPUs page,yes,2,Multi-GPU price extrapolated linearly
runpod-rtx4090-1x,RunPod,RTX 4090,1,24,Ada,,,,0.34,0.34,on-demand (from),RunPod pricing page,no,1,Provider 'from' price; varies by region and supply
runpod-rtx4090-2x,RunPod,RTX 4090,2,24,Ada,,,,0.68,0.34,on-demand (from),RunPod pricing page,yes,2,Provider 'from' price; varies by region and supply
modal-l40s-1x,Modal,L40S,1,48,Ada,,,,1.9512,1.9512,serverless,Modal pricing (per-second),no,1,Charged only while jobs run; multi-GPU via parallel tasks
modal-l40s-2x,Modal,L40S,2,48,Ada,,,,3.9024,1.9512,serverless,Modal pricing (per-second),yes,2,Charged only while jobs run; multi-GPU via parallel tasks
modal-l4-1x,Modal,L4,1,24,Ada,,,,0.7992,0.7992,serverless,Modal pricing (per-second),no,1,Serverless; bursty
modal-l4-2x,Modal,L4,2,24,Ada,,,,1.5984,0.7992,serverless,Modal pricing (per-second),yes,2,Serverless; bursty
modal-a10-1x,Modal,A10,1,24,Ampere,,,,1.1016,1.1016,serverless,Modal pricing (per-second),no,1,Serverless; per-second
modal-a10-2x,Modal,A10,2,24,Ampere,,,,2.2032,1.1016,serverless,Modal pricing (per-second),yes,2,Serverless; per-second