insurer_id,insurer_name,product,focus_segment,coverage_highlights,example_limit_eur,example_deductible_eur,example_premium_eur_per_month,source_url,notes
centraal_beheer_avb,Centraal Beheer,Bedrijfsaansprakelijkheidsverzekering (AVB),ZZP/MKB,"AVB voor letsel- en zaakschade; juridische verweer-kosten vaak meeverzekerd",,250,9.40,https://www.centraalbeheer.nl/zzp,"Voorbeeldpremie consultant €9,40/mnd bij omzet €100k; eigen risico min. €250. :contentReference[oaicite:0]{index=0}"
interpolis_avb,Interpolis (Rabobank),Bedrijfsaansprakelijkheidsverzekering (AVB),ZZP/MKB,"Schade aan derden (personen/spullen), product- en werkgeversaansprakelijkheid",,,10.00,https://www.interpolis.nl/zakelijk/aansprakelijkheid/kosten,"Interpolis geeft voorbeeld ‘zittend beroep’ ~€10/mnd; dekkingstekst op AVB-pagina. :contentReference[oaicite:1]{index=1}"
asr_avb,a.s.r.,Zakelijke Aansprakelijkheidsverzekering (AVB),MKB,"Standaard per schadegeval €2,5m, max €5m; product- en werkgeversaansprakelijkheid",2500000,,,"https://www.asr.nl/zakelijk/verzekeringen/zakelijke-aansprakelijkheidsverzekering","Limieten publiek vermeld; premie via calculator (indicatief). :contentReference[oaicite:2]{index=2}"
unive_avb,Univé,Bedrijfsaansprakelijkheidsverzekering (AVB),ZZP/MKB,"AVB voor letsel- en zaakschade; juridisch hulp via aparte rechtsbijstand",,,"12.00",https://www.unive.nl/zakelijk/bedrijfsaansprakelijkheidsverzekering/zzp,"Voorbeeldpremies: fotograaf €12/mnd, klusbedrijf ~€31/mnd. :contentReference[oaicite:3]{index=3}"
allianz_bav,Allianz,Beroepsaansprakelijkheidsverzekering (BAV),ZZP/MKB/Professionals,"Financiële zuivere vermogensschade door beroepsfouten (incl. medewerkers)",,,,"https://www.allianz.nl/zakelijk/verzekeringen/aansprakelijkheid/beroepsaansprakelijkheidsverzekering.html","Productbeschrijving BAV; premies via adviseur. :contentReference[oaicite:4]{index=4}"
hiscox_bav_ict,Hiscox Nederland,Beroepsaansprakelijkheid ICT (BAV),IT/Software/Consultancy,"Dekt claims bij beroepsfouten in ICT (bv. fout in code, uitval systemen)",,,,"https://www.hiscox.nl/beroepsaansprakelijkheidsverzekering-ICT","ICT-specifieke BAV; online info, polis via adviseur. :contentReference[oaicite:5]{index=5}"
hiscox_cyber,Hiscox Nederland,CyberClear (Cyberverzekering),ZZP/MKB,"Cyberincidenten en datarisico’s; aansprakelijkheid en incident response via tussenpersoon",,,,"https://www.hiscox.nl/beroepsaansprakelijkheidsverzekering","CyberClear productpagina (NL); premies via tussenpersoon. :contentReference[oaicite:6]{index=6}"
centraal_beheer_avb_info,Centraal Beheer,Bedrijfsaansprakelijkheidsverzekering (AVB),ZZP/MKB,"Eigen risico min. €250; géén ER voor o.a. juridische verweer- en letselschade-kosten",,250,,https://www.centraalbeheer.nl/zakelijk/bedrijfsverzekeringen/bedrijfsaansprakelijkheidsverzekering,"Specifieke ER-uitleg. :contentReference[oaicite:7]{index=7}"
interpolis_avb_info,Interpolis (Rabobank),Bedrijfsaansprakelijkheidsverzekering (AVB),ZZP/MKB,"Voorbeelden van ‘wel verzekerd’: schade aan derden, productaansprakelijkheid, huur/goederen tot €50.000 per aanspraak",50000,,,"https://www.interpolis.nl/zakelijk/verzekeren/bedrijfsaansprakelijkheidsverzekering","Dekkingsvoorbeelden incl. maxima voor gehuurde spullen. :contentReference[oaicite:8]{index=8}"
